Usr_id,User_screen_name,Description,#_Followers,#_Following,statuses_count,#_favourites_count,created_on,profile_image_url,default_profile,default_profile_image,verified,status.text
9.90E+17,jasss309,Living the best life!,6,33,23,107,43216.65429,http://pbs.twimg.com/profile_images/1028584854282108929/byf8UXDY_normal.jpg,TRUE,FALSE,FALSE,"1) Followed already
2)Retweeted With The Hashtag ‚úÖ
3)@NayanKarpe8
@manav_gada 
@ganeshgupta9627 
@Aman16_‚Ä¶ https://t.co/Pb5jvIpaRU"
1.04E+18,ApprovedThanks,Artist Name: Kay.Est(East) IG:ApprovedThanks SC:KingKvonne,252,5001,33,8018,43350.93934,http://pbs.twimg.com/profile_images/1038195259673665536/3uGTjX5w_normal.jpg,TRUE,FALSE,FALSE,"Legendary Music &amp;Visuals 

#itsthegetoff #HipHop #atg #NewMusicMonday #trapmusic #stripclub #legendary #damnlee‚Ä¶ https://t.co/Tt7mxEL357"
3199358430,aashayshah99,Liverpool,11,126,13,10,42141.35568,http://pbs.twimg.com/profile_images/1046014075342225408/AW2OBxMr_normal.jpg,TRUE,FALSE,FALSE,"RT @kjsceskream: With a last-ball win, the match could have swayed either sides but @BCCI pushed through and won their seventh Asia Cup Tit‚Ä¶"
1.04E+18,TheStatusWorld1,,10,80,3,1,43360.76712,http://pbs.twimg.com/profile_images/1041755237785239553/QpRP1Q9Y_normal.jpg,TRUE,FALSE,FALSE,"We upload new stauts.... 
Plz watch it
https://t.co/5ZsZMKupgy"
8.73E+17,fwchapman_music,üéº tenor üé∏guitarist/luthier üíª aspiring blogger #edtech #musicianship #pedagogy üéµ #BLUES #CigarBoxGuitar #LapSteelGuitar #SlideGuitar #LiveLooping,1504,3821,3756,16197,42895.01201,http://pbs.twimg.com/profile_images/874767009514475521/XqzFVYJU_normal.jpg,TRUE,FALSE,FALSE,"RT @Saun_Fischer: PLEASE HAVE COMPASSION &amp; DONATE to my #CrowdfundingCampaign! I have been trying to get a job, &amp; have had absolutely no in‚Ä¶"
9.00E+17,Nidz_2142,,2,12,0,0,42970.51179,http://abs.twimg.com/sticky/default_profile_images/default_profile_normal.png,TRUE,TRUE,FALSE,none
1.04E+18,ShaurayL,,4,207,4,1,43357.7511,http://pbs.twimg.com/profile_images/1040663132153282560/UjncqdBN_normal.jpg,TRUE,FALSE,FALSE,"RT @attorneybharti: ‡§Ø‡§π ‡§§‡•ã ‡§¨‡§π‡•Å‡§§ ‡§π‡•Ä ‡§∂‡§∞‡•ç‡§Æ‡§®‡§æ‡§ï ‡§π‡•à ‡§î‡§∞ ‡§¶‡§Ç‡§°‡§®‡•Ä‡§Ø ‡§≠‡•Ä ‡§π‡•à‡•§ ‡§Æ‡•ã‡§¶‡•Ä ‡§ú‡•Ä, ‡§Ü‡§™ ‡§Ö‡§™‡§®‡•Ä ‡§™‡•Å‡§≤‡§ø‡§∏ ‡§ï‡•ã ‡§Ü‡§¶‡•á‡§∂ ‡§¶‡•á‡§Ç ‡§ï‡•Ä ‡§ú‡•ã ‡§ï‡•ã‡§à ‡§≠‡•Ä ‡§∏‡§Ç‡§µ‡§ø‡§ß‡§æ‡§® ‡§ï‡•á ‡§®‡§ø‡§∞‡•ç‡§Æ‡§æ‡§§‡§æ ‡§ï‡•á ‡§∏‡§æ‡§• ‡§ê‚Ä¶"
1.04E+18,bilkhu_singh,,1,8,0,5,43357.68205,http://abs.twimg.com/sticky/default_profile_images/default_profile_normal.png,TRUE,TRUE,FALSE,none
8.56E+17,Heet5002,,12,264,8,31,42847.30507,http://abs.twimg.com/sticky/default_profile_images/default_profile_normal.png,TRUE,TRUE,FALSE,RT @MrCryptoWolf: #GIVEAWAY! I‚Äôm giving away 1 #Ethereum to one lucky follower who retweets this post and follows my account. Reply with ad‚Ä¶
8.00E+17,d_tanshik,,2,108,15,20,42693.71902,http://abs.twimg.com/sticky/default_profile_images/default_profile_normal.png,TRUE,TRUE,FALSE,@MKBHD What are your expections from LG G40 ThinQ? What do u think? At what price it will launch?#AskMKBHD
1.02E+18,ManuGow32651810,,1,16,9,5,43314.42337,http://pbs.twimg.com/profile_images/1032884130873204739/HpbiBaP7_normal.jpg,TRUE,FALSE,FALSE,Today is my happy https://t.co/AGQktcELWk
7.86E+17,jenilgosar,,9,253,153,978,42655.48898,http://pbs.twimg.com/profile_images/932979096920973312/G-ZodwfO_normal.jpg,TRUE,FALSE,FALSE,"RT @MKBHD: - $20M personal fine
- $20M fine to Tesla
- Elon resigns from chairman position for 3 years
- Elon stays CEO

Imagine 1 tweet co‚Ä¶"
1.04E+18,ABDURRA56165996,Full Stack Web developer,3,9,61,62,43351.28269,http://pbs.twimg.com/profile_images/1038340201955786752/YSyEJNKF_normal.jpg,TRUE,FALSE,FALSE,"RT @NBFootball: ‚ö° Limited Edition. Unlimited goals.

#Furon #HorizonPack #NBFootball https://t.co/zJbfkjZF22"
2913177528,8164465436Joyce,,105,528,129,0,41972.08356,http://pbs.twimg.com/profile_images/538513407146606594/lt05q8J__normal.jpeg,TRUE,FALSE,FALSE,https://t.co/Uoh7ixIzPe
9.86E+17,ishraqueshk,,9,226,0,65,43207.46845,http://pbs.twimg.com/profile_images/986204030354374656/q5ggjXeg_normal.jpg,TRUE,FALSE,FALSE,none
9.98E+17,IshanShinde01,"Driving is a spectacular form of amnesia. Everything is to be discovered, everything to be obliterated",3,49,10,125,43240.59242,http://pbs.twimg.com/profile_images/998208647866925057/FRGSYKy-_normal.jpg,TRUE,FALSE,FALSE,Great Technology ‚úîÔ∏è https://t.co/Y3YvukwhG0
8.50E+17,Kunthal_,Vice Chairperson of MakerMela 2019.,21,192,26,54,42832.2028,http://pbs.twimg.com/profile_images/1031364986357133312/grXOjx5P_normal.jpg,TRUE,FALSE,FALSE,"RT @makermelaIndia: A man who rose above race, religion, caste and family in order to support the oppressed - let's celebrate the 150th bir‚Ä¶"
1.03E+18,DhruvKamdar5,Student,2,27,1,11,43328.53537,http://pbs.twimg.com/profile_images/1032204476743081985/vWR8lxpY_normal.jpg,TRUE,FALSE,FALSE,@TechnicalGuruji Phone Ki battery tho sube songs Mai hi aadhi khatam aur adhi games and net pe... Vooc charger se 6‚Ä¶ https://t.co/1KncOfTHkO
1.01E+18,Bhavyasheth21,20/Engineering student/Hustler,12,93,9,11,43270.57128,http://pbs.twimg.com/profile_images/1028654823778922496/V7rz64-k_normal.jpg,TRUE,FALSE,FALSE,RT @ArchDigest: The world's most luxurious castles you can sleep in: https://t.co/qZ0FULIC5L https://t.co/fAHBmTWxX8
1.02E+18,IsaacBrendanjr,Music enthusiast. Unapologetic twitter nerd. Evil student. Analyst. Zombieaholic. Travel geek.,48,568,1667,0,43290.50368,http://pbs.twimg.com/profile_images/1019972257517465601/oiOS440P_normal.jpg,TRUE,FALSE,FALSE,"@Imhardikgupta,@hemendra_sakpal,@_5um17  After over 4 days of downtime with milesweb, we moved over 2 @host4geeks A‚Ä¶ https://t.co/gT9YGAD8uJ"
8.55E+17,PadhoAurBadho,,25,159,32,7,42844.68877,http://pbs.twimg.com/profile_images/854736313412497408/vGRnBbDm_normal.jpg,TRUE,FALSE,FALSE,RT @rkbaishyantri2: https://t.co/WXIHwbunhR
603820542,BLOOMBOX_KJSCE,The Entrepreneurship Cell of K.J.Somaiya College of Engineering.,1667,84,1283,586,41069.69051,http://pbs.twimg.com/profile_images/762725482831962112/m2efnSqR_normal.jpg,FALSE,FALSE,FALSE,"""It's not about ideas. It's about making ideas happen."" 
A pre-event of @makermelaIndia, Hack-IoT is being organize‚Ä¶ https://t.co/DqIiwtV84H"
1.02E+18,Monika04649910,,2,18,7,3,43301.63384,http://pbs.twimg.com/profile_images/1046111219659223042/oexItIF1_normal.jpg,TRUE,FALSE,FALSE,@TheSkorys @CVXLive Oh wowüò±
8.93E+17,ArvindSridhar99,,20,136,27,135,42949.21078,http://pbs.twimg.com/profile_images/892617704951001088/Q9yqmd-a_normal.jpg,TRUE,FALSE,FALSE,"RT @kjsceskream: As the action returns to the @premierleague after the International break, its @LFC who visit @SpursOfficial which promise‚Ä¶"
2199450786,vasaharsh15,,8,63,56,114,41595.52547,http://abs.twimg.com/sticky/default_profile_images/default_profile_normal.png,TRUE,TRUE,FALSE,"RT @kjsabhiyantriki: Based off of the popular coding haven, @kjsce_codecell presents to you it‚Äôs competitions and events for Abhiyantriki ‚Äò‚Ä¶"
1.02E+18,AashiRanawat,,8,3,42,43,43288.30707,http://abs.twimg.com/sticky/default_profile_images/default_profile_normal.png,TRUE,TRUE,FALSE,"RT @kjsabhiyantriki: Based off of the popular coding haven, @kjsce_codecell presents to you it‚Äôs competitions and events for Abhiyantriki ‚Äò‚Ä¶"
4652488872,BeerXOXO19,"Funnily, this is the only place on Twitter with more than 140 chars. Anyway, beer here.",26,103,108,201,42364.08602,http://abs.twimg.com/sticky/default_profile_images/default_profile_normal.png,TRUE,TRUE,FALSE,"RT @kjsceskream: With England dominating over India in a beautifully played series of matches, India lost the test tour with an outcome of‚Ä¶"
4864487422,_alphame,,12,36,102,91,42399.72289,http://pbs.twimg.com/profile_images/1016696444613378049/zVLZ-eSg_normal.jpg,TRUE,FALSE,FALSE,"RT @kjsabhiyantriki: Based off of the popular coding haven, @kjsce_codecell presents to you it‚Äôs competitions and events for Abhiyantriki ‚Äò‚Ä¶"
1.02E+18,MahajanAnvil,,7,4,41,41,43287.63256,http://abs.twimg.com/sticky/default_profile_images/default_profile_normal.png,TRUE,TRUE,FALSE,"RT @kjsabhiyantriki: With 37+ companies visiting our campus during #Abhiyantriki2018, the Internship Expo promises to offer countless Inter‚Ä¶"
9.31E+17,Kshitij76945164,"I play tennis.
No guts, no glory
No legend, no story.
Manchester City üíô",18,38,73,171,43055.61917,http://pbs.twimg.com/profile_images/1044452748283006977/-27xqmnn_normal.jpg,TRUE,FALSE,FALSE,"RT @MKBHD: Damn, September came and went fast. October is about to be incredible though."
1.02E+18,Priyam14435947,,7,6,32,31,43292.68466,http://abs.twimg.com/sticky/default_profile_images/default_profile_normal.png,TRUE,TRUE,FALSE,RT @kjsceskream: La Liga champions¬†@FCBarcelona slumped to a shock 2-1 defeat at struggling @CDLeganes_en and¬†@realmadrid¬†were resoundingly‚Ä¶
7.51E+17,advaith_mahesh,Tennis,22,38,68,121,42557.45177,http://pbs.twimg.com/profile_images/751040301855285248/8iXIM1Sj_normal.jpg,TRUE,FALSE,FALSE,"RT @kjsabhiyantriki: Based off of the popular coding haven, @kjsce_codecell presents to you it‚Äôs competitions and events for Abhiyantriki ‚Äò‚Ä¶"
8.82E+17,DumbreSiddharth,,22,145,4,391,42920.78932,http://pbs.twimg.com/profile_images/936625063125643266/ZYg44Vf8_normal.jpg,TRUE,FALSE,FALSE,@AmritaSaha07 OohüòÇüòÇüëç
3220610424,e8227a3c1a3e4c8,,1,3,56,57,42143.8198,http://abs.twimg.com/sticky/default_profile_images/default_profile_normal.png,TRUE,TRUE,FALSE,"RT @kjsabhiyantriki: We present to you, an overnight event for the first time in #Abhiyantriki2018 history where you code under the rays of‚Ä¶"
2847376412,Nisarg_42,( Õ°¬∞ Õú ñ Õ°¬∞),15,67,55,329,41920.56038,http://pbs.twimg.com/profile_images/867441283337515008/Mx6CoCpc_normal.jpg,FALSE,FALSE,FALSE,"RT @KjsceSymphony: On the day of his birth anniversary we would like to pay homage to the man behind the Independence movement, Gandhiji. H‚Ä¶"
8.40E+17,Athm1ka,18,25,37,7,19,42803.26012,http://pbs.twimg.com/profile_images/867812897367502849/HCDwAsjZ_normal.jpg,FALSE,FALSE,FALSE,"RT @kjsceskream: After a span of 42 years, Muhammed Anas overcomes all odds and bags the gold medal in men's 400 m run in Asian Athletics C‚Ä¶"
1.01E+18,JilKothari,,17,25,39,43,43278.7465,http://pbs.twimg.com/profile_images/1016561471428259840/2BcPxEEJ_normal.jpg,TRUE,FALSE,FALSE,"RT @kjsabhiyantriki: Based off of the popular coding haven, @kjsce_codecell presents to you it‚Äôs competitions and events for Abhiyantriki ‚Äò‚Ä¶"
1.02E+18,Shakshigandhi,,18,41,53,54,43287.4977,http://pbs.twimg.com/profile_images/1016725426046152704/8-ITg2Mb_normal.jpg,TRUE,FALSE,FALSE,"RT @kjsabhiyantriki: Based off of the popular coding haven, @kjsce_codecell presents to you it‚Äôs competitions and events for Abhiyantriki ‚Äò‚Ä¶"
1.02E+18,Anisha03258507,,9,44,33,27,43287.48873,http://pbs.twimg.com/profile_images/1021044601908547584/-IWMipnV_normal.jpg,TRUE,FALSE,FALSE,"RT @kjsceskream: With a last-ball win, the match could have swayed either sides but @BCCI pushed through and won their seventh Asia Cup Tit‚Ä¶"
9.78E+17,HeetKhamar,,4,292,0,4,43186.18818,http://abs.twimg.com/sticky/default_profile_images/default_profile_normal.png,TRUE,TRUE,FALSE,none
1.01E+18,Shaurya64183889,"Aspiring professional golfer, hindi poet. 20.",8,58,1,0,43277.6431,http://pbs.twimg.com/profile_images/1011632446201360385/J0t8RWUP_normal.jpg,TRUE,FALSE,FALSE,I fell in love with hindi/urdu poetry which lead to me writing shayaris and would like to share some through this a‚Ä¶ https://t.co/U8C74SiqFZ
3245342210,ansh_ganatra,Engineering Student | KJSCE,30,36,128,168,42169.72049,http://pbs.twimg.com/profile_images/938752777391521793/hbnhtKba_normal.jpg,TRUE,FALSE,FALSE,"RT @kjsceskream: With a last-ball win, the match could have swayed either sides but @BCCI pushed through and won their seventh Asia Cup Tit‚Ä¶"
633753281,lirilpanchal,philosophy maj√∏r | 18 | Bombay | Instagram : @lirilpanchal | Snapchat : @fanficlandia,876,335,4559,4537,41102.5791,http://pbs.twimg.com/profile_images/896818318190956544/di7NLMS8_normal.jpg,FALSE,FALSE,FALSE,@iwanadielmao Don‚Äôt you dare fkn lie I‚Äôm the no. 1 follower stfu
9.75E+17,Dhwanishah_1502,Comedy and Humour Business and Financial News Entertainment Channels Books & Authors NGOs and Social Good Women Fashion Travel Food Breaking News,11,168,0,2,43176.17981,http://abs.twimg.com/sticky/default_profile_images/default_profile_normal.png,TRUE,TRUE,FALSE,none
1.01E+18,HetPanchal3,,2,21,3,14,43259.80834,http://pbs.twimg.com/profile_images/1005170343554641920/4wX9-9Vp_normal.jpg,TRUE,FALSE,FALSE,"RT @Voices_Somaiya: ""Your right is to work only, but never to the fruit thereof. Be not instrumental in making your actions bear fruit, not‚Ä¶"
9.63E+17,HitendraKaroti1,Another human,17,308,18,421,43142.68337,http://pbs.twimg.com/profile_images/963043095578263558/8yG5pz3__normal.jpg,TRUE,FALSE,FALSE,"@C_P_Gurnani @tech_mahindra 
Can you explain https://t.co/XVU89kNNMl"
9.96E+17,PankajG74522289,,4,47,6,106,43235.25142,http://pbs.twimg.com/profile_images/996272742298091520/TIEKbpfK_normal.jpg,TRUE,FALSE,FALSE,"Rcb vs srh 
Rcb 38 /2"
93138928,chetanbommideni,"I'm passionate about what I do, and I lv to help people. I'm a Reader. Social media nerd. Problem solver. Thinker. Marathonist. Foodie. ‚ù§Ô∏è's Technology, Nature.",633,4964,141,24,40145.30705,http://pbs.twimg.com/profile_images/650299056703467520/JCMDnMWM_normal.jpg,FALSE,FALSE,FALSE,"No response is a respons, and it‚Äôs a powerful one. Remember that #todaysgoodread"
7.84E+17,Anamikaindian20,,5,147,1,748,42648.3158,http://abs.twimg.com/sticky/default_profile_images/default_profile_normal.png,TRUE,TRUE,FALSE,@BeingSalmanKhan Lovely movie Tiger
9.85E+17,MachhindraSon11,Happy and Happy life,2,246,1,1,43204.69487,http://pbs.twimg.com/profile_images/985197562545168384/iFaw1kDF_normal.jpg,TRUE,FALSE,FALSE,https://t.co/ta6teY0sYY
9.83E+17,KiranSreekuma10,I laugh at my own jokes.,2,52,5,83,43199.12374,http://pbs.twimg.com/profile_images/983180114115616768/8BhXac9c_normal.jpg,TRUE,FALSE,FALSE,@ArsenalsRelated If he just had his eyes on the real goal.üòÇüòÇ
7.25E+17,RachGandhi,,17,68,2,14,42487.65791,http://pbs.twimg.com/profile_images/988493714690584577/BCRcOQxq_normal.jpg,TRUE,FALSE,FALSE,"RT @dumbbeezie: People just like to argue. 

People: No we don‚Äôt"
3229058972,saurabh_baj,,31,154,1,18,42152.74773,http://pbs.twimg.com/profile_images/979701157781151745/_we6OgKO_normal.jpg,FALSE,FALSE,FALSE,"Used @Paytm for booking train ticket, booking failed but payment was done. Please take a look at the matter.@RailMinIndia @Paytmcare @Paytm"
9.76E+17,ALOKLIVEINDIA2,,3,63,0,0,43179.07448,http://pbs.twimg.com/profile_images/975912732468768769/Tg5qdHF5_normal.jpg,TRUE,FALSE,FALSE,none
9.75E+17,MANSI_0796,,4,18,1,2,43176.77568,http://pbs.twimg.com/profile_images/975079750606626816/wzFO7v8h_normal.jpg,TRUE,FALSE,FALSE,#YTFF
828829969,rahulsoni1997,,27,52,0,0,41169.45473,http://pbs.twimg.com/profile_images/972422676810813440/u0uGa_7H_normal.jpg,FALSE,FALSE,FALSE,none
9.03E+17,radnesstech,"Your source for all the Rad technology out there 
https://t.co/etb2vpLMf9",24,391,364,445,42976.87782,http://pbs.twimg.com/profile_images/902639622043271168/709fwNU7_normal.jpg,TRUE,FALSE,FALSE,Reboot Any Android Smartphone Without Power Button | Broken Power Button |NO ROOT: https://t.co/McEiODnvyB via @YouTube
9.68E+17,Simba02766412,#BeSimbastic#tryEveryFuckAllThing!üòéüç∫,7,152,0,0,43156.0853,http://pbs.twimg.com/profile_images/968091196244484102/8yjtegbG_normal.jpg,TRUE,FALSE,FALSE,none
9.67E+17,VirajSh64745245,,11,41,2,2,43154.59694,http://abs.twimg.com/sticky/default_profile_images/default_profile_normal.png,TRUE,TRUE,FALSE,@RaVibhogwal @Vidhissup dm me for bb and byq meet and greet
70112018,carryonpd,"Bestselling @PenguinIndia Bilingual Novelist | (#LoveCurry, #Ishqiyapa & #WhatALoser!') Storyteller|Ex @BBC | @CovUniAlumni | @DUAlumni",4488,1148,3928,5701,40055.52838,http://pbs.twimg.com/profile_images/1038099420158550016/kEQopphN_normal.jpg,FALSE,FALSE,TRUE,Apt üëç https://t.co/d7G2k3hBe5
7.86E+17,tanishhere,#20 #Programmer #LoveCoding #Computer #engineer #cool,47,131,144,73,42654.44017,http://pbs.twimg.com/profile_images/1046303681505886209/EVGKwUtL_normal.jpg,TRUE,FALSE,FALSE,"RT @NASA: For nearly 60 years, we‚Äôve studied our changing home planet and our understanding continues to expand with the use of new technol‚Ä¶"
3280744638,p_onkar7,,3,51,8,44,42200.68587,http://pbs.twimg.com/profile_images/944869092330168320/F_a3GBiM_normal.jpg,TRUE,FALSE,FALSE,
7.51E+17,nafatnalayak,,5,535,92,21,42558.30101,http://pbs.twimg.com/profile_images/847459479230799872/_4YUJmc-_normal.jpg,TRUE,FALSE,FALSE,"RT @fayedsouza: In my head the Supreme Court is wearing a Tshirt that reads 

‚ÄúFeminist and Proud‚Äù"
2900518063,excoolzola,,4,109,24,18,41958.59774,http://pbs.twimg.com/profile_images/533625797035040770/slr96QEx_normal.jpeg,TRUE,FALSE,FALSE,"@germin8 what is the max no of teammates?
are coding languages restricted to java,angularjs,html,css or we can
use cpp, python etc?"
3670616677,itsdharmil,"I am who am I..!! 
Future engineer...!",31,190,83,640,42271.54656,http://pbs.twimg.com/profile_images/649246481833046016/mLxPa6kH_normal.jpg,TRUE,FALSE,FALSE,RT @kjsce_insignia: Presenting the @kjsceskream '18 wall made by @kjsce_insignia   in the most simplest yet exquisite form depicting a prou‚Ä¶
595537993,Neelkamalshah,"Fun loving|
|EngineeringüòØ|
|LOVE FOOTBALL!|
|Contest loverüòú|",89,743,1556,2057,41060.60816,http://pbs.twimg.com/profile_images/926086189018259457/NcQoeFS4_normal.jpg,TRUE,FALSE,FALSE,@AmazonHelp I contacted them but they said that they can't do anything about it and requested me to reorder the product again.@AmazonHelp
986895396,KovinSingh,21. YNWA. Proud Singh.,94,57,346,9785,41246.66628,http://pbs.twimg.com/profile_images/611581631267147776/XeURewJX_normal.jpg,TRUE,FALSE,FALSE,RT @IndigoLFC: It‚Äôs time football fans stop praising &amp; obsessing over ‚Äòtalent‚Äô and actually assess players on what they produce on the fiel‚Ä¶
1356583106,athanghag,,12,157,295,382,41380.44645,http://pbs.twimg.com/profile_images/844267062398599168/4OVGUM6u_normal.jpg,TRUE,FALSE,FALSE,"Woakes surely came out of syllabus for  Virat Kohli!
Could he be the new outswinging Anderson for kohli?
#ENGvIND #LordsTest #woakes #pandya"
8.13E+17,aniftydamsel,Just another human trying to survive.üí´,15,158,0,6,42730.46086,http://pbs.twimg.com/profile_images/946320232074723328/nTecDhZK_normal.jpg,TRUE,FALSE,FALSE,none
7.24E+17,bhavesh_bangadi,,10,119,14,84,42483.30797,http://abs.twimg.com/sticky/default_profile_images/default_profile_normal.png,TRUE,TRUE,FALSE,"RT @UnboxTherapy: OK @tim_cook I'll make you a deal... This tweet gets 10,000 retweets and you send over that missing iPhone event invite. üòâ"
975531434,NikhilMahimkar9,"The game of life is a lot like football. You have to tackle your problems, block your fears, and score your points when you get the opportunity: Lewis Grizzard",87,448,72,49,41241.28793,http://pbs.twimg.com/profile_images/793471940090486785/ETu60XuB_normal.jpg,FALSE,FALSE,FALSE,"Hello, a Formula Student Team run by engineering students is looking forward to your support @YashDverma‚Ä¶ https://t.co/DEBvc9osUw"
2344205918,SaumilShivdikar,"You know , I love twitter bios. Love 'em.
Always have. And my bio ? The best. Unbeatable. You can't find a better one. Other bios ? Not good.",82,172,407,270,41684.94411,http://pbs.twimg.com/profile_images/854899889947291648/PpiDtd2u_normal.jpg,TRUE,FALSE,FALSE,"RT @tedxsomaiyavv: We‚Äôre thrilled to announce our first speaker- Alif.
Winner of IRAA Award, Alif‚Äôs music is a blend of various ethnic flav‚Ä¶"
9.63E+17,kaali_peeli,Catch the journey of our Kaali Peeli throughout the city,10,69,0,0,43144.53882,http://pbs.twimg.com/profile_images/963425635006799873/fRsvtLpX_normal.jpg,TRUE,FALSE,FALSE,none
2270148931,krixz6339,"#Mi
#Xiaomi Mix 2 User
#MIFan #MiFCMumbai",2232,1991,41532,21298,41639.39685,http://pbs.twimg.com/profile_images/1031773926177820672/l8o4YmYD_normal.jpg,FALSE,FALSE,FALSE,"RT @ronak_ruparel: @IndiaPOCO #POCOF1 #POCOF1Giveaway
Sunsets and festival become more special with @XiaomiIndia Just love the cam of Redmi‚Ä¶"
1030008624,theultimaterg,,4,89,29,49,41266.28214,http://pbs.twimg.com/profile_images/961253723531022336/HoICpLI5_normal.jpg,TRUE,FALSE,FALSE,RT @Bugatti: BUGATTI and @LEGO_Group achieved the impossible: a full-sized LEGO Technic Bugatti Chiron that drives! #BuildforReal #BUGATTI‚Ä¶
9.60E+17,amin_priyesh,,1,70,0,0,43136.27804,http://abs.twimg.com/sticky/default_profile_images/default_profile_normal.png,TRUE,TRUE,FALSE,none
9.60E+17,Vaibhav02355258,"Dream. Run. Think. Love. Get crazy. 
And remember, as long as you're having fun, it's all good ‚ù§",5,217,5,7,43134.64662,http://pbs.twimg.com/profile_images/959817186356346881/JxwbJF1U_normal.jpg,TRUE,FALSE,FALSE,@Shweta_sahaye Exactly... So why do we live in a world where such rich ass people want to keep it to themselves.. I‚Ä¶ https://t.co/97emSBGwTr
7.76E+17,mihir_gosar,,56,132,194,293,42627.45668,http://pbs.twimg.com/profile_images/968940661016678401/gig0stzg_normal.jpg,TRUE,FALSE,FALSE,RT @EdwardKaye4: Nothing is more motivational that the launch of Windows 95. Just look at them go. #SaturdayMotivation https://t.co/MvleXYB‚Ä¶
4641930428,BollyLandsEnd,,22,33,6349,5625,42362.31225,http://pbs.twimg.com/profile_images/920586385710444544/z5Hisp5Z_normal.jpg,TRUE,FALSE,FALSE,
9.57E+17,SahilDesai01,Student,0,19,3,227,43127.79064,http://pbs.twimg.com/profile_images/957333490336391168/Svfmpd8H_normal.jpg,TRUE,FALSE,FALSE,
2537168149,SMalhotraFC,fan club œÉ“ì HŒ±Œ∑‚àÇsœÉ–ºŒµ Ac—ÇœÉ—è √ò“ì BœÉ‚Ñì‚Ñì“ØœâœÉœÉ‚àÇ SŒπ‚àÇ–ΩŒ±—è—Ç–Ω MŒ±‚ÑìhœÉ—Ç—èŒ± @S1dharthM “ìœÉ‚Ñì‚ÑìœÉœâ Us “ìœÉ—è A‚Ñì‚Ñì T–ΩŒµ latest UœÅ‚àÇŒ±—ÇŒµs A–≤œÉœÖ—Ç HŒπ–º. PS: He follows us ‚ù§,10713,227,44556,11045,41790.42939,http://pbs.twimg.com/profile_images/1026426267430727681/nntNVwqX_normal.jpg,TRUE,FALSE,FALSE,.@S1dharthM's Latest Instagram Story: #Location #JabariyaJodi https://t.co/Y40Ovkb1GJ
8.00E+17,kadri_mans,Official account of Faizan Mansuri,395,2238,9127,103618,42693.75189,http://pbs.twimg.com/profile_images/1006555892878270464/unLrRls4_normal.jpg,TRUE,FALSE,FALSE,@bookmyshow_sup I DM you my question. - FM
180799470,kundex96,"Science, Arsenal, Music and Food.",135,204,241,4001,40410.60186,http://pbs.twimg.com/profile_images/931670161639202816/hjgPs54c_normal.jpg,TRUE,FALSE,FALSE,RT @lcardismo: Iceland goalkeeper Halldorsson produced this video for the world cup and it‚Äôs amazing. https://t.co/MhHsMKTIwi
9.57E+17,ShubhPa41637012,,1,144,0,17,43126.71807,http://abs.twimg.com/sticky/default_profile_images/default_profile_normal.png,TRUE,TRUE,FALSE,none
9.18E+17,sheetal_skt,,7,47,0,4,43019.28449,http://abs.twimg.com/sticky/default_profile_images/default_profile_normal.png,TRUE,TRUE,FALSE,none
9.56E+17,NVishwaram,Stay Here for Happiness,345,4864,87,26,43123.59321,http://pbs.twimg.com/profile_images/955870283591688192/986mv-UP_normal.jpg,TRUE,FALSE,FALSE,"@iamGarimaG yes 
I believed that I said Right.."
170682376,Malimanojmusic,"Singer-songwriter ‚Ä¢ Mumbai ‚Ä¢ Debut EP, 'Rush' out now. Listen on https://t.co/5rsQ92A6PI",2144,198,531,503,40384.56517,http://pbs.twimg.com/profile_images/988657660152066048/1_Zeobcx_normal.jpg,FALSE,FALSE,FALSE,"So excited to share that I sang on the new Siyaram ad campaign featuring @RanveerOfficial . 

Composed by Rahul Pai‚Ä¶ https://t.co/UBJrao6KGz"
7.98E+17,kevalnandu00,,12,68,30,74,42688.27455,http://pbs.twimg.com/profile_images/814164597485670401/-msB-Zab_normal.jpg,TRUE,FALSE,FALSE,#Ytff #ashishchanchlani @ashchanchlani
464467033,deepus71,Proud to be an Indian,23,131,114,25,40923.33333,http://pbs.twimg.com/profile_images/378800000714018508/fc0027775035818bbe1628676ee3d67c_normal.jpeg,TRUE,FALSE,FALSE,@IndiaPostOffice https://t.co/rSK6Kc2xXN
9.51E+17,ParthRa98077317,,1,3,1,1,43110.54059,http://abs.twimg.com/sticky/default_profile_images/default_profile_normal.png,TRUE,TRUE,FALSE,RT @howtomen: New video going up at 12:00 AM. I'm giving away 414 Promo Codes to a variety of popular apps. If you retweet this and thumbs‚Ä¶
2987857076,rajnatuu,,187,509,1500,3230,42022.16605,http://pbs.twimg.com/profile_images/1025104262194290688/lgkruDXX_normal.jpg,TRUE,FALSE,FALSE,"RT @ashwinravi99: Today as our nation celebrates #GandhiJayanti, can we pick up two qualities that Gandhiji embodied, #Truth and #NonViolen‚Ä¶"
9.49E+17,SetuManar,"‡§Æ‡•ã‡§π‡§¨‡•ç‡§¨‡§§‡•ã‡§Çüíë‡§ï‡•á ‡§Æ‡§ï‡§æ‡§® üè†‡§á‡§∏‡§≤‡§ø‡§èüíÅüèª‚Äç‚ôÇ
‡§ü‡•Ç‡§ü üíî‡§ú‡§æ‡§Ø‡§æ ‡§ï‡§∞‡§§‡•á üôà‡§π‡•á ‡§ï‡•ç‡§Ø‡•ã‡§Ç‡§ï‡§ø ‚òùüèª‡§â‡§∏‡§Æ‡•á‡§Ç üëâüèº‡§∏‡§ö‡•ç‡§ö‡§æ‡§à üòá‡§ï‡•Ä  ‡§¶‡•Ä‡§µ‡§æ‡§∞‡•á‡§Çüôåüèª‡§Ö‡§ï‡•ç‡§∏‡§∞ üò±‡§ï‡§Æ‡§ú‡§º‡•ã‡§∞üí§ ‡§π‡•ã‡§§‡•Ä ‡§π‡•àüë´",234,933,15,406,43105.09773,http://pbs.twimg.com/profile_images/1003535734752477184/wiYYWGST_normal.jpg,TRUE,FALSE,FALSE,@impari17 Aap medical check up karao shyad koi body mai problem hai
9.49E+17,DishaSaraiya,,5,12,0,2,43105.28426,http://abs.twimg.com/sticky/default_profile_images/default_profile_normal.png,TRUE,TRUE,FALSE,none
9.20E+17,Pragati4497,"https://t.co/In7vBKd4qh IT student
Mumbai",8,119,1,50,43024.24704,http://pbs.twimg.com/profile_images/952738271062319106/YjKoAeiz_normal.jpg,TRUE,FALSE,FALSE,Hey guys! My best friend Sharwari is associated with Wooplr which is one of the rising  shopping site!‚úî So plz chec‚Ä¶ https://t.co/MNpVDw87YU
9.49E+17,Dhruvit66882725,,8,67,0,0,43103.63079,http://pbs.twimg.com/profile_images/948573701032763393/bxxHzCxY_normal.jpg,TRUE,FALSE,FALSE,none
9.46E+17,AkshayKotak2102,,5,143,0,79,43097.74411,http://pbs.twimg.com/profile_images/948974454347984896/8D1mPPZH_normal.jpg,TRUE,FALSE,FALSE,none
9.45E+17,greekgodoffood,"Engineer. Athlete. Sports cars and bikes don‚Äôt fantasise me, wilderness and food do!",29,171,42,33,43094.43471,http://pbs.twimg.com/profile_images/945240053193719810/nKCZfqq0_normal.jpg,TRUE,FALSE,FALSE,RT @EPLBible: When you realise Nike couldn‚Äôt be bothered designing a new kit for Spurs so they just gave them Barcelona‚Äôs training kit... üòÇ‚Ä¶
9.41E+17,jarletap98,ghanta engineer,0,121,0,1,43082.65503,http://abs.twimg.com/sticky/default_profile_images/default_profile_normal.png,TRUE,TRUE,FALSE,none
9.43E+17,Charmi22875184,Born scorpio‚ôè,22,30,38,3140,43087.84413,http://pbs.twimg.com/profile_images/942854952589729793/VEzatT7Y_normal.jpg,TRUE,FALSE,FALSE,
9.39E+17,sakinadasor,KJSCE,34,28,127,135,43078.56809,http://pbs.twimg.com/profile_images/944459830114238464/hWt7-3EJ_normal.jpg,TRUE,FALSE,FALSE,"RT @kjsabhiyantriki: Based off of the popular coding haven, @kjsce_codecell presents to you it‚Äôs competitions and events for Abhiyantriki ‚Äò‚Ä¶"
90144661,rahul0201,Student,377,876,855,32,40132.47764,http://pbs.twimg.com/profile_images/947695142101594112/wvW8J7OD_normal.jpg,FALSE,FALSE,FALSE,https://t.co/JNYmGInOsi
9.43E+17,im_AT21,"Cricket üíóüíó
animal lover that's why vegetarianüí™
#AT21",14,116,94,303,43087.35281,http://pbs.twimg.com/profile_images/1025790609745793025/uWbENHDk_normal.jpg,TRUE,FALSE,FALSE,"RT @bhogleharsha: Maybe sport has a lesson for politics. To win, you don't need to denigrate the opposition, just perform better."
9.43E+17,nehamishraa_,,1,79,3,248,43087.35295,http://pbs.twimg.com/profile_images/942679440357597184/3a1UbTQH_normal.jpg,TRUE,FALSE,FALSE,"@wwbookclub @pottermore Ron , Twins , Lockhart , Lee , Hagrid and McGonagall"
839458813,KNiranjanG,"Foolish, very very foolish. Getting worse each day at software engineering. Sing all day. Like to pretend I'm in a movie.",658,2075,634,207,41174.40486,http://pbs.twimg.com/profile_images/856921102148292608/8Vh7IlJA_normal.jpg,FALSE,FALSE,FALSE,"We keep learning, sometimes the same things over and over again. https://t.co/hcLNukgFed https://t.co/lVYl9WBwOx"
8.78E+17,wakchaure_patil,"ÔøΩ #‡§á‡§§‡§ø‡§π‡§æ‡§∏‡§æ‡§µ‡§∞_‡§Ü‡§Æ‡§ö‡•ç‡§Ø‡§æ‡§ö_‡§¨‡§æ‡§™‡§ú‡§æ‡§¶‡•ç‡§Ø‡§æ‡§Ç‡§ö‡•ç‡§Ø‡§æ        #‡§™‡§∞‡§æ‡§ï‡•ç‡§∞‡§Æ‡§æ‡§ö‡§æ_‡§∏‡§æ‡§ú_‡§π‡§æ‡§Ø_‡§Æ‡•ç‡§π‡§£‡•Å‡§® ...     ‡§§‡§∞  #‡§Ü‡§Æ‡•ç‡§π‡§æ‡§≤‡§æ_‡™Æ‡™∞‡™æ‡™†‡™æ_‡§Ö‡§∏‡§≤‡•ç‡§Ø‡§æ‡§ö‡§æ_‡§Æ‡§æ‡§ú_‡§π‡§æ‡§Ø# ÔøΩ #‡™Æ‡™∞‡™æ‡™†‡™æ_Attitude#

üì±9021577676 / 9637967676",117,155,25,105,42908.08434,http://pbs.twimg.com/profile_images/984768528162197505/J9WtTGA-_normal.jpg,TRUE,FALSE,FALSE,"‡§¶‡§ø‡§≤‡•ç‡§≤‡•Ä‡§ö‡•ç‡§Ø‡§æ ‡§§‡§ï‡•ç‡§§‡§æ‡§≤‡§æ ‡§π‡§æ‡§¶‡§∞‡§æ ‡§¶‡•á‡§£‡§æ‡§∞‡§æ..
‡§Æ‡§∞‡§æ‡§†‡§æ‡§Ç‡§ö‡•ç‡§Ø‡§æ ‡§∏‡•ç‡§µ‡§æ‡§≠‡§ø‡§Æ‡§æ‡§®‡§æ‡§ö‡§æ ‡§ê‡§§‡§ø‡§π‡§æ‡§∏‡§ø‡§ï ‡§™‡•ç‡§∞‡§∏‡§Ç‡§ó ..

#‡§Æ‡•ç‡§π‡§£‡§ú‡•á

‡•§‡•§‡§∂‡•ç‡§∞‡•Ä ‡§∂‡§ø‡§µ‡§∞‡§æ‡§ú‡•ç‡§Ø‡§æ‡§≠‡§ø‡§∑‡•á‡§ï‡•§‡•§

‡§ï‡§æ‡§≥‚Ä¶ https://t.co/mReVFAs2mj"
7.76E+17,dharmishb,,20,25,49,47,42626.53689,http://abs.twimg.com/sticky/default_profile_images/default_profile_normal.png,TRUE,TRUE,FALSE,"RT @kjsceskream: Wishing #TheWall a very happy birthday! A true gentleman, and a man who can walk on thin ice for his team, thank you @Im_D‚Ä¶"
9.38E+17,JIT0690verma,,7,194,6,62,43074.11367,http://pbs.twimg.com/profile_images/940453325966737408/VyTbIxdo_normal.jpg,TRUE,FALSE,FALSE,@OfficeOfRG  https://t.co/iLbNMlSSKb
9.39E+17,HarshVasa15,,4,95,0,11,43078.56262,http://pbs.twimg.com/profile_images/939489330547978246/EGRT6q13_normal.jpg,TRUE,FALSE,FALSE,none
3682715894,VrajBrahmbhatt3,JT. Social and Security Head at KJSCE Students' Council,29,73,71,142,42272.6395,http://pbs.twimg.com/profile_images/1000400125838090241/x_mpp2jV_normal.jpg,TRUE,FALSE,FALSE,"RT @kjsabhiyantriki: Based off of the popular coding haven, @kjsce_codecell presents to you it‚Äôs competitions and events for Abhiyantriki ‚Äò‚Ä¶"
9.39E+17,SweetyS49853149,TV,509,937,0,11,43077.68962,http://pbs.twimg.com/profile_images/952920030202572800/ZoJHqECs_normal.jpg,TRUE,FALSE,FALSE,none
1413521942,dhruvish160598,,33,326,41,596,41402.76669,http://pbs.twimg.com/profile_images/1035032383454470144/zi1fTb6V_normal.jpg,TRUE,FALSE,FALSE,"RT @sachin_rt: Splendid performance from the #MenInBlue. Keep it up, @chetrisunil11 and the @IndianFootball team. You guys totally deserved‚Ä¶"
9.38E+17,kjsce_insignia,The Official Art Team of K. J. Somaiya College of Engineering.,29,14,6,0,43074.61316,http://pbs.twimg.com/profile_images/938059507090911232/u9e6fww8_normal.jpg,TRUE,FALSE,FALSE,"After taking a long ride through all the ages, we have arrived at Symphony !
Presenting the Symphony' 18 wall ‚ù§Ô∏èüî•‚Ä¶ https://t.co/bFFe40qNLE"
9.33E+17,m_adenwala,,9,302,0,38,43060.92763,http://pbs.twimg.com/profile_images/933098809843789824/fuk-2wA9_normal.jpg,TRUE,FALSE,FALSE,none
9.34E+17,C0DE_BLOODED,The middle children of history.,5,152,2,30,43064.47139,http://abs.twimg.com/sticky/default_profile_images/default_profile_normal.png,TRUE,TRUE,FALSE,"RT @kjsceskream: In a season of wonders, where the potent names were knocked out and the underdogs prospered. It‚Äôs the final combat between‚Ä¶"
2157078278,PreetKhania,"Music lover, engineer, trendy, foodie, digital marketer, traveller, psychology, philippa üíò",193,340,766,285,41573.65191,http://pbs.twimg.com/profile_images/932646051764305920/POFHTLoB_normal.jpg,FALSE,FALSE,FALSE,"RT @MumbaiPolice: He- Plata o Plomo?

We-YOU 

#IfVillainsWereInMumbai https://t.co/lZpLirtgWI"
9.32E+17,varund97,,1,113,0,8,43058.51059,http://abs.twimg.com/sticky/default_profile_images/default_profile_normal.png,TRUE,TRUE,FALSE,none
9.31E+17,DaiyaVicky,"KJSCE. Computer Engineering student.           
Cricket,table tennis,football Enthusiast. 

Arsenal üî¥.",12,156,4,1,43054.56353,http://pbs.twimg.com/profile_images/930795747565436929/s1zOhsMC_normal.jpg,TRUE,FALSE,FALSE,"RT @kjsceskream: Get you angles right, and participate in the Carrom Championship, at Skream 2018! #GloryAwaits #Skream2018 

Registration‚Ä¶"
9.31E+17,KananMehta17,,3,75,0,0,43055.72531,http://abs.twimg.com/sticky/default_profile_images/default_profile_normal.png,TRUE,TRUE,FALSE,none
2719705875,Richplanz,"Musician/Band
management @Southsoundrecords
New song in a bit",1037,4485,321,218,41841.55411,http://pbs.twimg.com/profile_images/917671640535896065/aagPIdaF_normal.jpg,TRUE,FALSE,FALSE,And finanly am back
7.58E+17,Jeet_Mehtaa,Engineer.18.WWE IS LIFE.‚ù§Ô∏è‚ù§Ô∏è,10,41,101,163,42577.69946,http://pbs.twimg.com/profile_images/901777342116143104/tytz78d6_normal.jpg,TRUE,FALSE,FALSE,The aarey milk colony is home to many birds and animals.The government just simply can‚Äôt cut down trees just like t‚Ä¶ https://t.co/1pq9HkF1mx
8.73E+17,Sakshiness,"For you , a thousand times over",51,104,80,67,42895.4184,http://pbs.twimg.com/profile_images/873119615424933890/ViOxF7Tm_normal.jpg,TRUE,FALSE,FALSE,A DUSK IN THE¬†PARK. https://t.co/epg9ZzTMON https://t.co/5OF1lEv96u
8.75E+17,RuchiThosar,Eat work sleep repeat üôåüôåüòÖ,72,92,156,163,42901.4401,http://pbs.twimg.com/profile_images/886636171601653760/7VeDJPQr_normal.jpg,TRUE,FALSE,FALSE,"RT @kjsabhiyantriki: Based off of the popular coding haven, @kjsce_codecell presents to you it‚Äôs competitions and events for Abhiyantriki ‚Äò‚Ä¶"
4547474679,arpan_99,Yo‚ùó,123,274,237,2851,42358.65148,http://pbs.twimg.com/profile_images/961297738297237504/Ck8km6qB_normal.jpg,TRUE,FALSE,FALSE,"RT @OrionRacingIn: Introducing ORI-18c!! After 11 months of highs and lows, we take immense pleasure to present to you our combustion proto‚Ä¶"
4452290414,imDhairyaParekh,"How does it feel when life's deceptive...??!!
RTs don't imply endorsement.",11,522,13,563,42342.47088,http://pbs.twimg.com/profile_images/961995514345639937/1f6udpjO_normal.jpg,FALSE,FALSE,FALSE,
9.27E+17,RajapkarPranay,NGOs and Social Good Government & Public Utilities Politicians and Pol Parties Government and Politics Business and Financial News NGOs and Social Good,22,394,7,5,43044.46578,http://pbs.twimg.com/profile_images/927135537449897984/dS9kg3V4_normal.jpg,TRUE,FALSE,FALSE,https://t.co/bW5lb7XWLu
9.26E+17,ManoharKulkar14,,5,169,2,31,43041.1598,http://abs.twimg.com/sticky/default_profile_images/default_profile_normal.png,TRUE,TRUE,FALSE,Marines face‚ù§Ô∏è‚ù§Ô∏è‚ù§Ô∏è https://t.co/Xresg46sG7
3272042232,DevangMistry21,Aspiring Photographer and a moody writer üòã,39,155,46,5,42193.71302,http://pbs.twimg.com/profile_images/925623033817001989/q6wayYQB_normal.jpg,FALSE,FALSE,FALSE,"Another entry.
I just participated in the Nikon Wedding Contest by sharing some #CandidBonds captured by me! You to‚Ä¶ https://t.co/KB3fCFhp3Y"
9.22E+17,rohit_taparia,I'm who I am üòé,11,79,11,15,43028.99535,http://pbs.twimg.com/profile_images/921527325698568192/Par2iCzx_normal.jpg,TRUE,FALSE,FALSE,"RT @BeardedGenius: Scary as fuck weather report. First it's like, ah smart use of green screen, then it's like holy fucking shit. https://t‚Ä¶"
3449379853,_Radioactive_17,"An Athlete!
A Cinemaholic!
A learner!",71,316,160,911,42251.63873,http://pbs.twimg.com/profile_images/927256508546498560/siJnah_Z_normal.jpg,TRUE,FALSE,FALSE,@cromaretail  if I don't get my laptop within next 2 days then I would go to your store and pick any laptop which h‚Ä¶ https://t.co/BRH0hlnDoN
8.32E+17,OmTibude,all,25,139,7,8,42780.81972,http://pbs.twimg.com/profile_images/878081833031921665/ILh-a_5p_normal.jpg,TRUE,FALSE,FALSE,@Dev_Fadnavis ‡§≤‡§¨‡§æ‡§° ‡§∏‡§∞‡§ï‡§æ‡§∞ ‡§Ü‡§π‡•á ‡§à‡§ö‡•ç‡§Ø‡§æ ‡§®‡§ø ‡§ï‡§æ‡§π‡•Ä ‡§π‡•ã‡§£‡§æ‡§∞ ‡§®‡§æ‡§π‡•Ä
465706045,JayDodia09,"instagram : jaydodia09
snapchat : jaydodia09",29,170,173,286,40924.71434,http://pbs.twimg.com/profile_images/616686619345727488/KPLgSB1W_normal.jpg,TRUE,FALSE,FALSE,RT @chetan_bhagat: We need a new term. Journotainment. Many news channels fit in that category and should be officially called so.
9.11E+17,jhaNilesh3,,3,96,3,8,42998.93955,http://pbs.twimg.com/profile_images/920736661868179456/nHHjR_Ng_normal.jpg,TRUE,FALSE,FALSE,RT @urvashimrautela: https://t.co/YI2V3XsPQc
116433570,Yashnagda,"Ex - Pawariteüí™ 
Instagram - __yashnagda__
Snapchat - ynagda19",23,218,52,48,40231.52632,http://pbs.twimg.com/profile_images/800349821127168001/tREyVm6r_normal.jpg,TRUE,FALSE,FALSE,"RT @formulabharat: #Formulabharat2018
#fb2018
#socialmediaevent2018
https://t.co/BIC1hvZxLR https://t.co/Mpuk34PXyU"
3449449169,rounak_nayee,,18,39,62,87,42242.75825,http://pbs.twimg.com/profile_images/1034135077893156864/MR0r3Skm_normal.jpg,TRUE,FALSE,FALSE,RT @kjsceskream: @KAndersonATP becomes the first South African player in 97 years to reach the Wimbledon Final after beating @JohnIsner in‚Ä¶
7.45E+17,Prototype__001,"#RainbowSixSiege
#Dota2
G@M¬£¬ÆüíÄüëç",41,143,293,210,42541.67513,http://pbs.twimg.com/profile_images/744927032014942209/kVpsVMVZ_normal.jpg,TRUE,FALSE,FALSE,Trying out @theTunnelBear so I can browse privately from my ISP. https://t.co/WYlPZqj8hr https://t.co/YsA3EuGrSP
9.06E+17,pranavn0211,,9,104,1,0,42986.69057,http://pbs.twimg.com/profile_images/1022160280036540416/Cb1YVdKo_normal.jpg,TRUE,FALSE,FALSE,#NewProfilePic https://t.co/05Ez0F1x0Y
9.07E+17,WoodWarein,"Furnish your life




































info@woodwareindia.com",4,117,4,11,42988.46978,http://pbs.twimg.com/profile_images/906840569959260160/p8HHOgTx_normal.jpg,TRUE,FALSE,FALSE,"The Iron throne does not seem comfy but these chairs sure are!üòâ 
Get them at WoodWare Furnitures Pvt. Ltd.

Contact‚Ä¶ https://t.co/RA03vWnbhV"
9.07E+17,DharaniHarshal,,11,135,20,24,42987.86792,http://pbs.twimg.com/profile_images/910115547777400832/jNxDIKup_normal.jpg,TRUE,FALSE,FALSE,"RT @darshangandhi04: @Ra_THORe , Hello, Sir, we would like to invite you as a Guest of Honor at @kjsceskream 2018, the national-level Sport‚Ä¶"
9.06E+17,kunjmehta10,,7,15,0,0,42985.64435,http://pbs.twimg.com/profile_images/905829304923185152/A7iKkzw__normal.jpg,TRUE,FALSE,FALSE,none
9.05E+17,naredraseema,,4,88,0,8,42984.36275,http://abs.twimg.com/sticky/default_profile_images/default_profile_normal.png,TRUE,TRUE,FALSE,none
8.30E+17,nimeshishere,,239,1707,146,60,42775.62498,http://pbs.twimg.com/profile_images/877467447825006592/XWAfv-MI_normal.jpg,TRUE,FALSE,FALSE,What is something that you read recently and is worth sharing? by Sanchit Sharma https://t.co/8nJxxkNvHH
9.04E+17,djrahul0425,,6,115,0,0,42979.53583,http://abs.twimg.com/sticky/default_profile_images/default_profile_normal.png,TRUE,TRUE,FALSE,none
7.52E+17,Leander_1997,,30,126,6,39,42561.70634,http://abs.twimg.com/sticky/default_profile_images/default_profile_normal.png,TRUE,TRUE,FALSE,"RT @kjsabhiyantriki: Behold! Presenting to you, the showstoppers of Abhiyantriki 2017, @DAEIndia . To know more go to, https://t.co/BmYPc74‚Ä¶"
149547203,tapas21198,,74,91,178,260,40327.64669,http://pbs.twimg.com/profile_images/836992850902462464/uh4BBKjb_normal.jpg,TRUE,FALSE,FALSE,RT @elonmusk: Defeating traffic is the ultimate boss battle
3280776475,simplybansari,,140,233,266,1980,42200.62951,http://pbs.twimg.com/profile_images/621349141608730624/JuTU9RaZ_normal.jpg,TRUE,FALSE,FALSE,@Rachit_Gada Faith in humanity restored ‚ù§Ô∏è
9.01E+17,PranavJ33986474,,24,137,183,203,42972.59403,http://abs.twimg.com/sticky/default_profile_images/default_profile_normal.png,TRUE,TRUE,FALSE,"RT @kjsceskream: With @englandcricket dominating over India in a beautifully played series of matches, @BCCI lost the test tour with an out‚Ä¶"
50021887,ajinsunth,Student of Life,260,2875,1166,533,39987.68392,http://pbs.twimg.com/profile_images/378800000370869183/15e4bfebb225c540153b5e2accf6277c_normal.jpeg,FALSE,FALSE,FALSE,
3655600332,Rishabslimshady,Heart beats in music,14,329,83,348,42270.16962,http://pbs.twimg.com/profile_images/899172332924575744/_BYJE_Nc_normal.jpg,TRUE,FALSE,FALSE,RT @D_DeGea: Focus On ‚öΩÔ∏èüî¥ #mutd https://t.co/rgZrz1g0oe
8.98E+17,Aditi_Amdekar,,0,17,0,0,42963.64036,http://abs.twimg.com/sticky/default_profile_images/default_profile_normal.png,TRUE,TRUE,FALSE,none
1567022659,nsjain5,‡§®‡§µ‡§®‡•Ä‡§§ ‡§ú‡•à‡§®,1165,4078,5189,51,41459.03199,http://pbs.twimg.com/profile_images/809602366731218944/JPPkh0ce_normal.jpg,TRUE,FALSE,FALSE,https://t.co/MvW1Rb6JCp
1451035872,MohitVadsak,,19,126,41,37,41417.41443,http://pbs.twimg.com/profile_images/700188703679971328/SyoBo2HK_normal.jpg,TRUE,FALSE,FALSE,@special_one30 What is xxx in card number end???
8.96E+17,induiyer505_ak,Submarine,8,83,3,2,42959.48384,http://pbs.twimg.com/profile_images/896752467500605441/cu_Vfs--_normal.jpg,TRUE,FALSE,FALSE,@saurabhrobin200 Awesome photo
8.95E+17,vasu_vara,,17,162,4,52,42954.73806,http://pbs.twimg.com/profile_images/894619331874533376/BKMSBBX6_normal.jpg,TRUE,FALSE,FALSE,RT @MumbaiPolice: Don‚Äôt believe in rumours. Traffic on Eastern expressway was affected due to protests. It‚Äôs moving now. Traffic at Chembur‚Ä¶
8.68E+17,chetnnR,"Disease suffering-engineering (stage :mechanical-worst)
Too funny to handleüòù",31,380,2,65,42881.32475,http://pbs.twimg.com/profile_images/870723870608830469/vcqHfOIv_normal.jpg,TRUE,FALSE,FALSE,"Arrow...not that accurate ik...jst a try
#sketch_time #green_arrow #arrow #Stephen_amell‚Ä¶ https://t.co/Ur5uZ43hg8"
8.92E+17,MaheshwariAarav,,0,101,0,0,42947.52275,http://abs.twimg.com/sticky/default_profile_images/default_profile_normal.png,TRUE,TRUE,FALSE,none
420271079,ex4_amrut,Direction is more important than speed.,14,147,21,24,40871.5037,http://abs.twimg.com/sticky/default_profile_images/default_profile_normal.png,TRUE,TRUE,FALSE,"@chintskap Mumbai - London route has ancient flights, while the London - New York flights are top notch."
8.74E+17,Nipun_07,Working as Joint Literary Secretary in KJSCE Students' Council,99,87,435,429,42897.4409,http://pbs.twimg.com/profile_images/880459937091952640/PAp_wsJ__normal.jpg,TRUE,FALSE,FALSE,RT @Aubameyang7: Winners üôåüèΩ‚öΩÔ∏è 3 more points #COYG https://t.co/KE7s3Le7WC
1633342802,SkolariiMusic,Fool Stack Developer,68,166,232,283,41485.69998,http://pbs.twimg.com/profile_images/1040534492715208704/ScFXXW7__normal.jpg,FALSE,FALSE,FALSE,Do you think Pakistan had so many misfields because of the tension Sarfaraz built on the pitch after the first two‚Ä¶ https://t.co/nGm36hEXvi
8.78E+17,Rushabh60526852,,1,139,0,2,42907.77333,http://abs.twimg.com/sticky/default_profile_images/default_profile_normal.png,TRUE,TRUE,FALSE,none
8.88E+17,Crazyyy_anyone,"General Secretary (Marketing) At K.J.Somaiya College of Engineering ||

Efforts Are Attractive",77,112,292,393,42935.37596,http://pbs.twimg.com/profile_images/891604628558807040/_Q7s9_aB_normal.jpg,TRUE,FALSE,FALSE,"RT @kjsabhiyantriki: With 37+ companies visiting our campus during #Abhiyantriki2018, the Internship Expo promises to offer countless Inter‚Ä¶"
469501682,hoonayed,Daler Mehndi enthusiast,67,45,132,143,40928.72574,http://pbs.twimg.com/profile_images/930078830303240192/IpT1i5SR_normal.jpg,TRUE,FALSE,FALSE,Woo https://t.co/v57kqUxe7v
1420033664,_vrushabh10,"4/8 engineer, IT, KJSCE!",81,191,69,907,41405.31459,http://pbs.twimg.com/profile_images/1032252595665027072/H41UdKlv_normal.jpg,TRUE,FALSE,FALSE,"RT @StudentVnit: @HRDministry @PrakashJavdekar 
#prayforVNIT
VISVESVARAYA NATIONAL INSTITUTE OF TECHNOLOGY ,NAGPUR.
Sir, please help us. We‚Ä¶"
483812781,theIostperson,"SRKholic! A craziest, maddest @iamsrk FAN",333,319,57030,94521,40944.51619,http://pbs.twimg.com/profile_images/874364717476831232/yZSenYKg_normal.jpg,TRUE,FALSE,FALSE,Latest Stats = 2 Followers and 1 Unfollowers (tracked by https://t.co/oYpf6Gtucl)
1461695203,RushiBS,üòò,47,47,114,124,41421.3911,http://pbs.twimg.com/profile_images/882656771025678336/TjJ7thAW_normal.jpg,FALSE,FALSE,FALSE,"RT @kjsceskream: Hearts stop beating and colors lose their  hue. Munich is flooded with tears and even the cries in Hamburg can be heard, a‚Ä¶"
7.03E+17,jimmyshah777,cricketLover#sachinist,30,106,18,41,42426.72392,http://pbs.twimg.com/profile_images/733008186630791168/0H51VeUg_normal.jpg,TRUE,FALSE,FALSE,RT @icc_CT_2017: What should be the set up of the tournament?
8.68E+17,RajVeera442,,4,78,1,0,42882.27873,http://abs.twimg.com/sticky/default_profile_images/default_profile_normal.png,TRUE,TRUE,FALSE,
8.83E+17,Rajeev_N_27,,43,10,361,409,42921.56332,http://pbs.twimg.com/profile_images/930130000505909248/eyBukPfd_normal.jpg,TRUE,FALSE,FALSE,"RT @KjsceSymphony: On the day of his birth anniversary we would like to pay homage to the man behind the Independence movement, Gandhiji. H‚Ä¶"
8.56E+17,RajVora_,"Social Media Head of Maker Mela 2018
Science lover
Avid reader of novels
Potterhead
Alls well that ends well",38,95,108,290,42847.13764,http://pbs.twimg.com/profile_images/874585728960876544/omWuwjif_normal.jpg,TRUE,FALSE,FALSE,@MumbaiPolice @mtptraffic why is there a one way sign facing the footpath? We can't walk on the footpath in even on‚Ä¶ https://t.co/9zqcFF26wp
8.57E+17,DIY_TECHNOSTORM,"Creativity is thinking up new things,
Innovation is doing new things üõ†
SUBSCRIBE for weekly updates..
I am a YouTuber and I love making innovative projectsüîß",21,156,9,3,42850.62103,http://pbs.twimg.com/profile_images/856890722414456832/7UGg3APj_normal.jpg,TRUE,FALSE,FALSE,"https://t.co/295Nr4i17E
@YouTubeSpaceMum @YTCreatorsIndia Another Amazing video ! Go check it out :D"
8.74E+17,aditi_morade,Working as jt.public relations officer at kjsce students council 2017-2018,111,42,145,181,42897.75072,http://pbs.twimg.com/profile_images/880067518571847685/d7ayystd_normal.jpg,TRUE,FALSE,FALSE,"RT @kjsceskream: @DjokerNole dominated over @keinishikori as he proceeds over to the finals, facing against @delpotrojuan. @RafaelNadal fou‚Ä¶"
8.80E+17,AllAboutKJSCE,"A fun and interactive digital community for every update in KJSCE. 

For any queries, tweet us using #AskKJSCE",32,227,11,0,42914.37553,http://pbs.twimg.com/profile_images/879995031364304896/d7-QBXzX_normal.jpg,FALSE,FALSE,FALSE,Class timetables for all branches and years are now available on the KJSCE website. #AllAboutKJSCE
8.80E+17,dharmishbhatt,"Keep it simple, silly.",84,81,17,24,42913.50775,http://pbs.twimg.com/profile_images/879677474111488000/jt75Qdww_normal.jpg,TRUE,FALSE,FALSE,RT @kjsceskream: Sam Querrey stuns defending champion and local boy Andy Murray to book his place in the semi-finals of @Wimbledon! #Wimble‚Ä¶
1633115744,NINAD1305,,36,314,70,729,41485.62267,http://pbs.twimg.com/profile_images/883028410351599616/v5s8CZY__normal.jpg,TRUE,FALSE,FALSE,"RT @anandmahindra: Just got this Whatsapp post.¬† Incredible, if true!¬† ‚ÄúShe flew economy class to Russia&amp;watched the match with fans till r‚Ä¶"
8.79E+17,shachi_sonar,,69,59,288,363,42910.30764,http://pbs.twimg.com/profile_images/878525121769619457/pQc551RQ_normal.jpg,TRUE,FALSE,FALSE,"RT @kjsabhiyantriki: With 37+ companies visiting our campus during #Abhiyantriki2018, the Internship Expo promises to offer countless Inter‚Ä¶"
8.74E+17,MaybeShek,Comfortably dumb.,75,117,239,246,42897.6287,http://pbs.twimg.com/profile_images/883159132265746432/6Q_qs0uV_normal.jpg,TRUE,FALSE,FALSE,"RT @kjsabhiyantriki: Based off of the popular coding haven, @kjsce_codecell presents to you it‚Äôs competitions and events for Abhiyantriki ‚Äò‚Ä¶"
8.75E+17,SamruddhiZagade,,60,44,149,183,42901.96853,http://pbs.twimg.com/profile_images/947394696107741184/aZp8_-RL_normal.jpg,TRUE,FALSE,FALSE,"RT @kjsabhiyantriki: Based off of the popular coding haven, @kjsce_codecell presents to you it‚Äôs competitions and events for Abhiyantriki ‚Äò‚Ä¶"
3192337846,parthsanghavi29,,62,67,415,459,42115.84257,http://pbs.twimg.com/profile_images/883382071921582081/MXFRNNhx_normal.jpg,TRUE,FALSE,FALSE,"RT @kjsabhiyantriki: Based off of the popular coding haven, @kjsce_codecell presents to you it‚Äôs competitions and events for Abhiyantriki ‚Äò‚Ä¶"
437638034,Shranik_Napster,,71,206,255,272,40892.71983,http://pbs.twimg.com/profile_images/883579852552454144/hEbPnMy5_normal.jpg,TRUE,FALSE,FALSE,"RT @kjsceskream: Leading Croatia to it's first World Cup final and @realmadrid to it's fourth @ChampionsLeague victory, @lukamodric10 seize‚Ä¶"
3300558376,parthjani25,,40,215,7,105,42151.63486,http://pbs.twimg.com/profile_images/872377261781135360/HisKYxbV_normal.jpg,TRUE,FALSE,FALSE,RT @ChampionsLeague: International DJ @HARDWELL will be our guest artist at the UEFA Champions Festival in Kyiv üéß Who's going to be there?‚Ä¶
7.94E+17,Latha5597,,9,9,109,141,42677.60387,http://abs.twimg.com/sticky/default_profile_images/default_profile_normal.png,TRUE,TRUE,FALSE,RT @SriSri: Love is that which you can't fully express or hide. Beauty is that which you can't possess or renounce. Truth is that which you‚Ä¶
614159003,HeetNGandhi,"Forever Indian,Forever Blue.





Joint Security and Resources Head at K.J.Somaiya College Of Engineering",123,263,915,5469,41081.38505,http://pbs.twimg.com/profile_images/777494818729492483/qjwa8oXy_normal.jpg,TRUE,FALSE,FALSE,"RT @KjsceSymphony: On the day of his birth anniversary we would like to pay homage to the man behind the Independence movement, Gandhiji. H‚Ä¶"
8.15E+17,HimanshuKherde,"Currently a Traveller üöå
Normally an Engineer. 
Generally a Trekker. üèî",106,129,207,204,42736.19664,http://pbs.twimg.com/profile_images/877919228958998528/607L08V1_normal.jpg,TRUE,FALSE,FALSE,"RT @kjsceskream: With a last-ball win, the match could have swayed either sides but @BCCI pushed through and won their seventh Asia Cup Tit‚Ä¶"
960411620,MihirJoisher,21,145,224,490,426,41233.53029,http://pbs.twimg.com/profile_images/852932671353143296/WP32bxeY_normal.jpg,TRUE,FALSE,FALSE,RT @kjsceskream: @KAndersonATP becomes the first South African player in 97 years to reach the Wimbledon Final after beating @JohnIsner in‚Ä¶
8.73E+17,bhumik_d,,35,63,29,39,42894.65221,http://pbs.twimg.com/profile_images/873970552691716096/BIUpi6yh_normal.jpg,TRUE,FALSE,FALSE,"RT @SushmaSwaraj: If you are from J&amp;K state, we will definitely help you. But your profile says you are from 'Indian occupied Kashmir'. The‚Ä¶"
8.38E+17,radhaisawesome,Literary Secretary at KJSCE Students' Council 2017-18 || Sonder,97,117,367,399,42798.11769,http://pbs.twimg.com/profile_images/887203182765514752/X7WGdi8j_normal.jpg,TRUE,FALSE,FALSE,"RT @kjsabhiyantriki: Vilas Shinde is the official spokesperson of Mumbai‚Äôs dabbawalas, the city‚Äôs famed tiffin delivery service. The dabbaw‚Ä¶"
7.45E+17,p_mundhada08,live love laugh,21,99,9,3,42542.17943,http://pbs.twimg.com/profile_images/871981466636361728/wBTWp2_b_normal.jpg,TRUE,FALSE,FALSE,Bad liar by @selenagomezüéµüéµ  ... obsessed with this song lately ‚ù§Ô∏è
2561113728,iiiii_Ash,I'm üòâMaD üé∏foR MuSic...üéôüé∂üéßüéªüéπ,7,405,0,17,41801.46022,http://pbs.twimg.com/profile_images/871356961433862144/fHV5guvm_normal.jpg,TRUE,FALSE,FALSE,none
1354553136,bhautikkothari,"Imagination was given 2 man 2 compensate him fr what he is not; a sense of humour 2 console him fr what he is.......„Ñü(Ôø£‚ñΩÔø£„Ñü) ORION RACING INDIA 
#becauseracecar",298,316,819,215,41379.62763,http://pbs.twimg.com/profile_images/787535700639875072/qUpnnu3D_normal.jpg,TRUE,FALSE,FALSE,@AMWMotorsLtd So please look into the matter immediately and let me know if there is an alternative means for apply‚Ä¶ https://t.co/plikcurDTf
4723975349,TEN_Youth,"New unique facts on entrepreneurs, companies, science and history each day to make you come back to Twitter each day! 
For more freshly brewed content visit",898,910,292,28,42375.45727,http://pbs.twimg.com/profile_images/817632140871376896/Zl53eY15_normal.jpg,TRUE,FALSE,FALSE,"Well said Mr Elon Musk!
#motivation #goals #inspire #elonmusk 
#entrepreneur https://t.co/tD2WfrhAgv"
8.65E+17,v_i_ck_cool_man,,6,119,0,2,42873.58992,http://abs.twimg.com/sticky/default_profile_images/default_profile_normal.png,TRUE,TRUE,FALSE,none
8.45E+17,PrachiM12345678,NGOs and Social Good Travel Food TV Radio,8,13,3,0,42817.65394,http://pbs.twimg.com/profile_images/900261482868334592/wJwZ4PRL_normal.jpg,TRUE,FALSE,FALSE,"@ImAbhishek7_ @TawdeVinod U itself differentiating 2 religion by saying this. See +ve side of wht Mr. Tawade said,‚Ä¶ https://t.co/1phHEuTqIr"
8.56E+17,HusainA88719999,,6,101,0,0,42847.28325,http://abs.twimg.com/sticky/default_profile_images/default_profile_normal.png,TRUE,TRUE,FALSE,none
8.44E+17,imkhushbushah,,16,50,26,18,42815.46462,http://pbs.twimg.com/profile_images/844202531962081283/0dMcFSnw_normal.jpg,TRUE,FALSE,FALSE,#Ytff #CollinsKey Pizzaüòçüòçüòç @CollinsKey
2435030666,ishandsh,"BTech. Mechanical Engineering


......Pursuing.",13,125,45,17,41738.28225,http://pbs.twimg.com/profile_images/903998710966697985/Y8LAwcK2_normal.jpg,FALSE,FALSE,FALSE,Can you give your opinion on the Sri lanka's pitch in the current series going on with the SA. @bhogleharsha
8.61E+17,ClearlyyTv,"THE #1 source for entertainment, bollywood & hollywood movies reviews, latest news updates, interviews, food, beauty and lot more! 

SUBSCRIBE!",68,561,73,20,42860.77693,http://pbs.twimg.com/profile_images/928234087784914950/8uhWwoD3_normal.jpg,TRUE,FALSE,FALSE,"NUDE (Marathi Movie) | QUICK MOVIE REVIEW üé¨
#nude #nudemarathifilm‚Ä¶ https://t.co/7vTdXsGlq5"
8.58E+17,mit_vakharia,Part-time Freelancer Pop Culture Freak,20,150,15,18,42854.51255,http://pbs.twimg.com/profile_images/955045874907820034/Xs3GVTTL_normal.jpg,TRUE,FALSE,FALSE,"RT @mundhe_ninad: Substances soluble in water
1. NaCl
2. CaCO3
3. JVLR
4. SCLR
5. WEH
6 Parel 
7 Ghatkopar 
8 Chembur
9 Dadar
10 king circl‚Ä¶"
8.56E+17,pranav_gawde,,17,124,22,24,42847.68905,http://abs.twimg.com/sticky/default_profile_images/default_profile_normal.png,TRUE,TRUE,FALSE,Hogwarts Express - Oil on Canvas: https://t.co/7R2RMtBCsD via @YouTube
1307012912,ShahShubz,,94,325,385,420,41360.39502,http://pbs.twimg.com/profile_images/590165569808113665/BljegdDA_normal.jpg,TRUE,FALSE,FALSE,@Harsh95kj Fuck kya tha voh üòç. This is so you. Ekdum baap vala passing and not losing possession üòç and then bang üí•üí£
224276839,waniaditya25,,34,277,24,114,40520.67097,http://pbs.twimg.com/profile_images/461878695989223425/QN2BRiRq_normal.png,TRUE,FALSE,FALSE,#Win one of 20 #ThomsonSmartTV in the @iGyaan @ThomsonTvIndia #Giveaway  #iGyaanGiveaway https://t.co/qHWcPcBlZF
8.51E+17,DarshanaJain19,"#20#
#engineering#
#technology#
#gym#
#work#",18,343,1,8,42835.54959,http://pbs.twimg.com/profile_images/852094123326582784/fQvWsCzD_normal.jpg,TRUE,FALSE,FALSE,"""First move""#firsttweet# https://t.co/UDhhOw1ZmB"
8.50E+17,otaku_gawande,,30,111,5,20,42832.61818,http://pbs.twimg.com/profile_images/910570887195136000/LWQ_MWRq_normal.jpg,TRUE,FALSE,FALSE,RT @TeamOnyxIndia: @TeamOnyxIndia is thankful to Packshield Industries for providing us with various cases and are proud to announce them a‚Ä¶
8.18E+17,Abid553791951,News,63,649,15,89,42743.33024,http://pbs.twimg.com/profile_images/843516094732255233/z7LZAwKz_normal.jpg,TRUE,FALSE,FALSE,https://t.co/XnYzTuVtRw
8.49E+17,Raaaaaj6,,8,85,4,0,42830.16613,http://abs.twimg.com/sticky/default_profile_images/default_profile_normal.png,TRUE,TRUE,FALSE,Buy anything I want !!!!!!!!!!! #OneCroreOnePlus
8.19E+17,drashu30gandhi,"Cancerian ‚ôã
The difference between Pizza and your opinion is that I asked for Pizza.
Just Queenin üëë
#KeepGoingüòéüòâ",3,145,92,22,42747.07553,http://pbs.twimg.com/profile_images/823343979790028800/yPVt-Dcy_normal.jpg,TRUE,FALSE,FALSE,
8.28E+17,ILoveGayIndia,üåàüáÆüá≥ Bringing the Social Element to Life in #GayIndia #GayMumbai #MumbaiPride #LGBTIndia #IndianGay | LGBT #Kolkata #NewDelhi #Bangalore #ILoveGay,1385,1226,551,2313,42769.702,http://pbs.twimg.com/profile_images/827560310919815169/Y7ntxOKP_normal.jpg,TRUE,FALSE,FALSE,"RT @sriniwasan: Networking, making new connections has already begun. #OESummit #Ally #Story #Workshop #Leadership #Panel #Section377 @prid‚Ä¶"
8.48E+17,Saurabh7V,Would you beleive what I write here?,14,92,0,0,42826.57866,http://pbs.twimg.com/profile_images/848174455041933313/9V14gsy2_normal.jpg,TRUE,FALSE,FALSE,none
8.43E+17,yelin_shaon,"seo,marketer",61,1024,4328,13,42811.42341,http://pbs.twimg.com/profile_images/842681025557925888/OJJhLnGF_normal.jpg,TRUE,FALSE,FALSE,Tristan Thompson to Khloe Kardashian: Rob Is a LOSER! https://t.co/RkXMwkyOvn Via #enews24ghanta https://t.co/7ClPa5t3mS
8.46E+17,RohitMi07406932,"Master trainer in CACR,love cricket and teaching mathematics and physics,love to eat food which include cheese and paneer‚ù§",21,183,15,15,42819.35657,http://pbs.twimg.com/profile_images/853645243333398529/QQDPY7Mn_normal.jpg,TRUE,FALSE,FALSE,"A friend in need is a friend indeed! Hunt diyas to win discount coupons, smartphones  https://t.co/o1gTSWGoKH"
2196276446,arnavkz28,be a Maverick,86,127,222,370,41593.69725,http://pbs.twimg.com/profile_images/850767562874863616/SkfvgEWW_normal.jpg,TRUE,FALSE,FALSE,"@PUBGMOBILE We wanted to conduct a PUBG Mobile tournament in our college, but the game does not work on our college‚Ä¶ https://t.co/S8zPudHNgz"
8.45E+17,Rushabhshah169,"Engineering student, Occasional daydreamer, Sports fan, a big time foodie too!",22,170,2,7,42818.7523,http://pbs.twimg.com/profile_images/847063473691541504/rsnVjI3A_normal.jpg,TRUE,FALSE,FALSE,@shennoying hahaha sahi Hai..üòè what you doing?
8.44E+17,GrooomR,"GroomR is the best Saloon and Spa finder app to search for and discover them to have a make over. Browse through Saloons catalogue , photos, user reviews",30,584,6,3,42816.34116,http://pbs.twimg.com/profile_images/844463519487721472/uWZ7NJQC_normal.jpg,TRUE,FALSE,FALSE,@purvak_lapsiya Sm
2365604784,VedSumeet,"Believe. Improve.
#NeverSettle.",44,297,0,5,41698.5611,http://pbs.twimg.com/profile_images/843422486490480640/wPKd8TGW_normal.jpg,TRUE,FALSE,FALSE,none
8.43E+17,shilpasureshpm,,3,17,12,2,42813.30597,http://pbs.twimg.com/profile_images/851013170420260864/CgfXTC_2_normal.jpg,TRUE,FALSE,FALSE,Survey on relationship between height of parents and children https://t.co/n1UY63F4zU
8.42E+17,im_starnish,https://t.co/KnE1hiu0lY,10,23,9,9,42809.61802,http://pbs.twimg.com/profile_images/843120516009410562/ebATojqU_normal.jpg,TRUE,FALSE,FALSE,"RT @Rivam15: #GOT7 + #IronMan tee #IndiaForIndians #shoppingstar #onlineshopping 

https://t.co/T8Sa1gq3Kv"
1417985311,DrishtiShah7,,35,135,160,904,41404.51443,http://pbs.twimg.com/profile_images/3639796753/dbb93a278db19e9477182cfc08d65bda_normal.jpeg,FALSE,FALSE,FALSE,"RT @AfrozShah1: Week 153. #MyCleanIndia  #cleanseas 

Last night , 35,000 citizens at the beach celebrating Ganesh Visarjan.

We - Citizens‚Ä¶"
1896723630,insanehg,"I'm human (JK. I'm one of the Quantum Lords, here to capture this planet & tweet about it!). A Complete Movie Buff
For any work email me.
Mail: hgkj01@gmail.com",2685,35,87,81,41540.39661,http://pbs.twimg.com/profile_images/629688306981191681/go-DAlah_normal.jpg,FALSE,FALSE,FALSE,@Paytm @Paytmcare Its been 2 days and I can't use any function of KYC and neither can I go ahead with the KYC. What‚Ä¶ https://t.co/XBA9UGZ8CU
8.26E+17,hilary123446,@HalinaHalinaMir,1350,4889,26294,1055,42765.39759,http://pbs.twimg.com/profile_images/868102592139862017/XQ-8_-97_normal.jpg,TRUE,FALSE,FALSE,AnulujWy
8.22E+17,Shabnam_Thaver,,9,17,46,293,42754.67443,http://pbs.twimg.com/profile_images/822837596581601281/6F9BWbYM_normal.jpg,TRUE,FALSE,FALSE,RT @FuzeProductions: Mothers play the most imp part in our lives.#Kaira 's moment with their mothers who are no longer with them.RT if u lo‚Ä¶
3058309515,NEERAJT10299,https://t.co/3NsDSva4pM STUDENT,11,130,1,9,42059.32057,http://pbs.twimg.com/profile_images/668431294498512896/WBKA74B1_normal.jpg,TRUE,FALSE,FALSE,
294757758,NiraliAshar,Aspiring Rapper and Singer. Shady till I die. KJSCE. Check out my YouTube channel. Cheers. :D,135,435,1190,427,40670.76609,http://pbs.twimg.com/profile_images/802184685992505350/kOf1xV44_normal.jpg,FALSE,FALSE,FALSE,Request ID is #2829790 . I waited for at least 10 days for the reply and didn't receive it yet. Many other exactly‚Ä¶ https://t.co/xcygKjhXq9
4274531837,manalishah26,IT Engineer!,29,66,9,43,42333.53509,http://pbs.twimg.com/profile_images/820190783990992896/Ic1Rlnpi_normal.jpg,TRUE,FALSE,FALSE,@foodpandaIndia Russia ! #WhereInTheWorld !
3234031632,theutkarshsingh,The good guy.The shy guy.The better than you guy.The cool guy.The awesome guy.The tall guy.The muscle guy.The stud guy,36,383,1141,919,42157.83684,http://pbs.twimg.com/profile_images/744057068768878592/Vquw_3w4_normal.jpg,TRUE,FALSE,FALSE,"RT @skinhub: üòç Clutch Case + Key Giveaway
üß§ 100 WINNERS every 10K RT

* RT &amp; Follow
* Enter via https://t.co/1WXC6Ibycd

Winners picked in‚Ä¶"
1192664930,shashanklogan,,84,192,443,128,41323.41638,http://pbs.twimg.com/profile_images/854795569226686465/G50oBeKM_normal.jpg,TRUE,FALSE,FALSE,RT @MrEaglesNation: Not gonna lie this was me #InfinityWar https://t.co/HFCGwisWq7
56711915,JugalKaria,22,147,154,521,51,40008.61443,http://pbs.twimg.com/profile_images/581554773809238017/BC1tFz_1_normal.jpg,TRUE,FALSE,FALSE,"RT @MumbaiPolice: Ghar se                     Kuch dur                                        nikalte                       chalte    
hi..‚Ä¶"
7.75E+17,SMohammadisak,Bollywood and Celebrities Business and Financial News Entertainment Government and Politics Hindi Music Sports,12,109,112,94,42623.28304,http://pbs.twimg.com/profile_images/774507901863858177/Yu_3azJ__normal.jpg,TRUE,FALSE,FALSE,@MadhuriDixit Happy world dance day. Dhak Dhak Girl
8.08E+17,ShrikrishnaGur1,,15,335,1,0,42715.1669,http://pbs.twimg.com/profile_images/812140165183524864/c8WdYFak_normal.jpg,TRUE,FALSE,FALSE,@PMOIndia @narendramodi good evening sir
8.20E+17,RajChidire,Fun,205,4995,800,646,42747.83184,http://pbs.twimg.com/profile_images/826152637624156165/w_dbxVAM_normal.jpg,TRUE,FALSE,FALSE,"‡∞∏‡±ç‡∞µ‡∞§‡∞Ç‡∞§‡±ç‡∞∞ ‡∞≠‡∞æ‡∞∞‡∞§ ‡∞∞‡±Ü‡∞Ç‡∞°‡±ã ‡∞™‡±ç‡∞∞‡∞ß‡∞æ‡∞®‡∞ø.. ‡∞∂‡∞æ‡∞∏‡±ç‡∞§‡±ç‡∞∞‡∞ø‡∞ú‡±Ä
https://t.co/Su8RkY7kxi https://t.co/lZxuDHN70i"
8.21E+17,Seerumthamizha,,2,223,3,29,42751.70109,http://abs.twimg.com/sticky/default_profile_images/default_profile_normal.png,TRUE,TRUE,FALSE,"‡ÆÜ‡Æö‡Øà‡Æ™‡Øç‡Æ™‡Æü‡ØÅ‡Æµ‡Æ§‡Æ±‡Øç‡Æï‡ØÅ 
‡Æ§‡Æï‡ØÅ‡Æ§‡Æø ‡Æ§‡Øá‡Æµ‡Øà‡ÆØ‡Æø‡Æ≤‡Øç‡Æ≤‡Øà ‡ÆÖ‡Æ§‡Øà 
‡ÆÖ‡Æü‡Øà‡Æµ‡Æ§‡Æ±‡Øç‡Æï‡Ææ‡Æ© ‡Æ§‡Æï‡ØÅ‡Æ§‡Æø‡ÆØ‡Øà ‡Æâ‡Æ∞‡ØÅ‡Æµ‡Ææ‡Æï‡Øç‡Æï‡Æø‡Æï‡Øç‡Æï‡Øä‡Æ≥‡Øç... 

Gud morng"
8.06E+17,ajaychoudhry786,Doctor's,340,2445,84,752,42709.42521,http://pbs.twimg.com/profile_images/919416904615264256/99ZCwB3k_normal.jpg,TRUE,FALSE,FALSE,"@narendramodi ‡§à‡§∂‡•ç‡§µ‡§∞ ‡§â‡§®‡§ï‡•Ä ‡§Ü‡§§‡•ç‡§Æ‡§æ ‡§ï‡•ã ‡§∂‡§æ‡§Ç‡§§‡§ø ‡§™‡•ç‡§∞‡§¶‡§æ‡§® ‡§ï‡§∞‡•á‡§Ç ‡•§
‡§ä‡§Ç ‡§∂‡§æ‡§®‡•ç‡§§‡§ø ‡§ä‡§Ç ‡§∂‡§æ‡§®‡•ç‡§§‡§ø"
8.24E+17,Doobvoob,"Tweeting my thought train.
do your thing, your cue is at the end of the tweet.",127,217,309,445,42759.44973,http://pbs.twimg.com/profile_images/961318915165978624/u8EjETfM_normal.jpg,FALSE,FALSE,FALSE,RT @22mosalah: Truly honoured by this prize which was awarded to me by colleagues - very special dayüòçüòç https://t.co/7mrFN0lHsP
128941572,sanjivjha22,"Fun loving, like travelling, self belief, hate compromising and lives in present...and more important support honest politics...",378,828,8678,8057,40270.73725,http://pbs.twimg.com/profile_images/622043852438769669/xmi6OZ6c_normal.jpg,TRUE,FALSE,FALSE,@sardesairajdeep Anytime Mumbai...
2968661642,jash85199,"IT engineering ‚Ä¢
Instagram : shutter0_0eye ‚Ä¢Ex Social Media chief @KJSCE SHUTTERBUGS",46,140,27,153,42013.36528,http://pbs.twimg.com/profile_images/1022305606395355136/VdzuHRd3_normal.jpg,TRUE,FALSE,FALSE,RT @WesternRly: #MumbaiRains WR Suburban services are running on all lines between Churchgate and Vasai Road with some delay. Efforts on to‚Ä¶
8.20E+17,SarthakDeySark4,Proudly A School Student. This Is The Only Official Account. Account Managed By Me.,1410,4388,1010,973,42747.83053,http://pbs.twimg.com/profile_images/1032416372972638210/DMjSBZkF_normal.jpg,TRUE,FALSE,FALSE,RT @SarthakDeySark4: https://t.co/RfOTsoRuO7
245652741,nithu575,,120,721,125,196,40575.20809,http://pbs.twimg.com/profile_images/820585394949369856/pvlAG_q0_normal.jpg,TRUE,FALSE,FALSE,RT @KicchaSudeep: I request all my fans associations to please look into what best could be done to the rain affected areas of Karnataka. T‚Ä¶
8.10E+17,MILINDSALVI6,,276,2121,702,3218,42721.65905,http://pbs.twimg.com/profile_images/811576995431772160/Xbrw2Sm2_normal.jpg,TRUE,FALSE,FALSE,@rutujakhilari18 wow Great
490162431,ashwintantri,Hey stranger!,63,906,225,55,40951.36444,http://pbs.twimg.com/profile_images/948178662217588736/MqPTlDuS_normal.jpg,TRUE,FALSE,FALSE,It's year 5 for #hacktoberfest! Celebrate Open Source with @DigitalOcean @Github and @Twilio. More info coming soon‚Ä¶ https://t.co/w0NsVNZnQA
7.11E+17,Dhananjaykhara7,"Doing Mechanical Engg at Dr Babasaheb Technological University, Lonere.",16,210,11,337,42447.5483,http://pbs.twimg.com/profile_images/791615348676042752/CdBWTCqq_normal.jpg,TRUE,FALSE,FALSE,RT @HootoutApp: Wish you a  merry #Christmas #HootOut #Technovanza2016 https://t.co/sL4Wx7wT0B
8.18E+17,mahendramore424,,54,767,2,784,42743.30686,http://pbs.twimg.com/profile_images/926100181740744704/7e-P79uA_normal.jpg,TRUE,FALSE,FALSE,#NewProfilePic https://t.co/gnY2f7wVsz
3165142848,DhokiyaHarsh,20 ! Cricket/football/Engineering/BombayüòÉ,205,230,246,34755,42114.44559,http://pbs.twimg.com/profile_images/985761958854037504/iSMcVW6S_normal.jpg,TRUE,FALSE,FALSE,RT @Sakshiness: A DUSK IN THE¬†PARK. https://t.co/epg9ZzTMON https://t.co/5OF1lEv96u
8.17E+17,pranil_97,,22,170,44,1826,42739.83047,http://pbs.twimg.com/profile_images/863409663626366976/xPqtiPaJ_normal.jpg,TRUE,FALSE,FALSE,I've entered this prize draw and am in with a chance of winning Real Madrid's 2018/19 home and away jerseys. You to‚Ä¶ https://t.co/kJhB0jJUhN
8.13E+17,21_laks,,41,104,7,19,42729.46236,http://pbs.twimg.com/profile_images/812978659082452996/10xqwU3D_normal.jpg,TRUE,FALSE,FALSE,RT @21_laks: #lakshmi123
8.16E+17,Shanay_1706,,9,18,3,4,42736.74567,http://abs.twimg.com/sticky/default_profile_images/default_profile_normal.png,TRUE,TRUE,FALSE,RT @SanilGosavi: Support this wonderful initiative that‚Äôll shape the future of our country. https://t.co/6Lzz4pXHog
8.16E+17,leena6675,,0,11,1,1,42736.59407,http://abs.twimg.com/sticky/default_profile_images/default_profile_normal.png,TRUE,TRUE,FALSE,RT @kjsceskream: We thank @VijayGoelBJP for promoting sports among the youth &amp; signing away a message for all the players at #KJSCESkream 2‚Ä¶
8.15E+17,Sandeepmaru17,"Call me"" SANDY""üòç
Wish me on 14 December üòò
Haters keep hating me
Salman's fanüòÑ
Snap chat id ""sandeepmaru654""
Instagram id ""sandeep.maru.17""",30,351,4,88,42734.58084,http://pbs.twimg.com/profile_images/814865213262438401/ICsCNjfZ_normal.jpg,TRUE,FALSE,FALSE,Happy new year guys may your 2017 be the best year and God bless to all of u once again happy new year welcome 2017
8.15E+17,sabbyrai126,21 years. Engineer. Traveller. Beach lover. Foodie,9,100,0,0,42735.29586,http://pbs.twimg.com/profile_images/815094453329244160/ha0Zpjpf_normal.jpg,TRUE,FALSE,FALSE,none
7.39E+17,shrihari071298,,19,70,8,10,42525.64181,http://pbs.twimg.com/profile_images/813429027822333952/ykFu37oi_normal.jpg,TRUE,FALSE,FALSE,@Paytmcare but i have not got the verification on mail and message...
1388802410,RhuL_31D,"He's haunted by humans.
India.",158,999,165,162,41393.27046,http://pbs.twimg.com/profile_images/809617485385216000/1P0UNUi6_normal.jpg,FALSE,FALSE,FALSE,"RT @KjsceSymphony: With soft soothing synth music and melodic guitar solos, #PinkFloyd released their album, #WishYouWereHere 43 years ago‚Ä¶"
8.13E+17,nishith_10,,2,27,5,62,42729.47981,http://abs.twimg.com/sticky/default_profile_images/default_profile_normal.png,TRUE,TRUE,FALSE,RT @Rickshawali: SurpriseDaiyya!! I will be performing Live on the Festival Stage at @YouTubeFanFest this Friday in Mumbai!!Super excited!!‚Ä¶
2607158431,c_tanmay,,8,147,3,3,41826.37544,http://pbs.twimg.com/profile_images/485710061293936642/v3rpIIMX_normal.jpeg,TRUE,FALSE,FALSE,#BRAvsGER germany is on rampage Brazil 0- Germany 5 kroos khedira #muller #klose the murders of Brazilian dreams !!!
